Index,mid,display_name
1,/m/00,dog
2,/m/01,rain
3,/m/02,crying_baby
4,/m/03,door_wood_knock
5,/m/04,helicopter
6,/m/05,rooster
7,/m/06,sea_waves
8,/m/07,sneezing
9,/m/08,mouse_click
10,/m/09,chainsaw
11,/m/010,pig
12,/m/011,crackling_fire
13,/m/012,clapping
14,/m/013,keyboard_typing
15,/m/014,siren
16,/m/015,cow
17,/m/016,crickets
18,/m/017,breathing
19,/m/018,door_wood_creaks
20,/m/019,car_horn
21,/m/020,frog
22,/m/021,chirping_birds
23,/m/022,coughing
24,/m/023,can_opening
25,/m/024,engine
26,/m/025,cat
27,/m/026,water_drops
28,/m/027,footsteps
29,/m/028,washing_machine
30,/m/029,train
31,/m/030,hen
32,/m/031,wind
33,/m/032,laughing
34,/m/033,vacuum_cleaner
35,/m/034,church_bells
36,/m/035,insects
37,/m/036,flying
38,/m/037,pouring_water
39,/m/038,brushing_teeth
40,/m/039,clock_alarm
41,/m/040,airplane
42,/m/041,sheep
43,/m/042,toilet_flush
44,/m/043,snoring
45,/m/044,clock_tick
46,/m/045,fireworks
47,/m/046,crow
48,/m/047,thunderstorm
49,/m/048,drinking_sipping
50,/m/049,glass_breaking
51,/m/050,hand_saw
52,/m/051,airport
53,/m/052,traffic
